<?xml version="1.0" encoding="UTF-8"?>
<project-private xmlns="http://www.netbeans.org/ns/project-private/1">
    <editor-bookmarks xmlns="http://www.netbeans.org/ns/editor-bookmarks/2" lastBookmarkId="0"/>
    <open-files xmlns="http://www.netbeans.org/ns/projectui-open-files/2">
        <group>
            <file>file:/C:/Users/Mohamad/Documents/school/Fall2014/SYSC4504/JavaClient/Sysc4504Client/src/sysc4504client/ClientConnection.java</file>
            <file>file:/C:/Users/Mohamad/Documents/school/Fall2014/SYSC4504/JavaClient/Sysc4504Client/src/sysc4504client/ClientFrame.java</file>
        </group>
    </open-files>
</project-private>
